id;email;login_usuario;nombre;tipo_dni;password
1;Ana_Pulido87@yahoo.com;Inteligente Ladrillo synthesize;Informática;primary program Interno;system transmitting Galicia
2;Santiago_Lucio57@hotmail.com;Acero;Bedfordshire SCSI;Total;program Adelante
3;Agustn45@yahoo.com;Métricas proactive Money;metódica withdrawal;generación Azul;Bedfordshire Costa navigating
4;Josefina9@yahoo.com;Hormigon proyección payment;up;Bicicleta;impactful Tunez Pound
5;MaraJos.Mora34@hotmail.com;e-commerce demanda metodologías;Ejecutivo Morado;bypassing;Salud complejidad hack
6;Concepcin_Aguayo12@gmail.com;Granito Horizontal;payment online benchmark;infomediaries input;Plástico
7;Gerardo.Orozco@yahoo.com;Fantástico Cambridgeshire Checking;Won transmit;Ingeniero;optical Morado
8;Lilia_Puga@hotmail.com;Videojuegos;transparent Iran Canarias;THX;Comunidad Account Compartible
9;Ricardo91@yahoo.com;Lempira Ramal;backing;alto;Mancha Sabroso
10;Gregorio3@gmail.com;Personal SSL;hard Bricolaje;Blanco up Sorprendente;partnerships markets
